'LFW000.jpg', 'Abdel_Madi_Shabneh_0001.jpg'
'LFW001.jpg', 'Adrian_Nastase_0001.jpg'
'LFW002.jpg', 'Alicia_Silverstone_0001.jpg'
'LFW003.jpg', 'Alicia_Witt_0001.jpg'
'LFW004.jpg', 'Anthony_Hazen_0001.jpg'
'LFW005.jpg', 'Ari_Fleischer_0001.jpg'
'LFW006.jpg', 'Ben_Cohen_0001.jpg'
'LFW007.jpg', 'Bijan_Namdar_Zangeneh_0001.jpg'
'LFW008.jpg', 'Bill_McBride_0001.jpg'
'LFW009.jpg', 'Binyamin_Ben-Eliezer_0001.jpg'
'LFW010.jpg', 'Blas_Ople_0001.jpg'
'LFW011.jpg', 'Bode_Miller_0001.jpg'
'LFW012.jpg', 'Bryan_Murray_0001.jpg'
'LFW013.jpg', 'Butch_Davis_0001.jpg'
'LFW014.jpg', 'Carlos_Queiroz_0001.jpg'
'LFW015.jpg', 'Catherine_Deneuve_0001.jpg'
'LFW016.jpg', 'Charles_Pouty_0001.jpg'
'LFW017.jpg', 'Christy_Ferer_0001.jpg'
'LFW018.jpg', 'David_Anderson_0001.jpg'
'LFW019.jpg', 'David_Modell_0001.jpg'
'LFW020.jpg', 'David_Siegel_0001.jpg'
'LFW021.jpg', 'Dean_Jacek_0001.jpg'
'LFW022.jpg', 'Derrick_Rodgers_0001.jpg'
'LFW023.jpg', 'Derrick_Taylor_0001.jpg'
'LFW024.jpg', 'Din_Samsudin_0001.jpg'
'LFW025.jpg', 'Edgar_Savisaar_0001.jpg'
'LFW026.jpg', 'Elena_Bovina_0001.jpg'
'LFW027.jpg', 'Esther_Macklin_0001.jpg'
'LFW028.jpg', 'Frank_Shea_0001.jpg'
'LFW029.jpg', 'Freddy_Garcia_0001.jpg'
'LFW030.jpg', 'Fredric_Seaman_0001.jpg'
'LFW031.jpg', 'Glen_Sather_0001.jpg'
'LFW032.jpg', 'Gong_Ruina_0001.jpg'
'LFW033.jpg', 'Grant_Rossenmeyer_0001.jpg'
'LFW034.jpg', 'Hans_Eichel_0001.jpg'
'LFW035.jpg', 'Henri_Proglio_0001.jpg'
'LFW036.jpg', 'Henry_Kissinger_0001.jpg'
'LFW037.jpg', 'Hermogenes_Ebdane_Jr_0001.jpg'
'LFW038.jpg', 'Ian_Thorpe_0001.jpg'
'LFW039.jpg', 'Ibrahim_Al-Marashi_0001.jpg'
'LFW040.jpg', 'Infanta_Cristina_0001.jpg'
'LFW041.jpg', 'Inga_Hall_0001.jpg'
'LFW042.jpg', 'Irina_Framtsova_0001.jpg'
'LFW043.jpg', 'James_Caan_0001.jpg'
'LFW044.jpg', 'James_Lockhart_0001.jpg'
'LFW045.jpg', 'Jan_Peter_Balkenende_0001.jpg'
'LFW046.jpg', 'Javier_Vargas_0001.jpg'
'LFW047.jpg', 'Javier_Vazquez_0001.jpg'
'LFW048.jpg', 'Jim_Otto_0001.jpg'
'LFW049.jpg', 'Jodie_Henry_0001.jpg'
'LFW050.jpg', 'John_Fox_0001.jpg'
'LFW051.jpg', 'John_Wright_0001.jpg'
'LFW052.jpg', 'Kaye_Young_0001.jpg'
'LFW053.jpg', 'Kelly_Ripa_0001.jpg'
'LFW054.jpg', 'Kifah_Ajouri_0001.jpg'
'LFW055.jpg', 'Laura_Ziskin_0001.jpg'
'LFW056.jpg', 'Lindsay_Davenport_0001.jpg'
'LFW057.jpg', 'Lisa_Leslie_0001.jpg'
'LFW058.jpg', 'Lynne_Slepian_0001.jpg'
'LFW059.jpg', 'Mary_Catherine_Correll_0001.jpg'
'LFW060.jpg', 'Mary_Jo_Myers_0001.jpg'
'LFW061.jpg', 'Melvin_Talbert_0001.jpg'
'LFW062.jpg', 'Mother_Teresa_0001.jpg'
'LFW063.jpg', 'Nona_Gaye_0001.jpg'
'LFW064.jpg', 'Oscar_Elias_Biscet_0001.jpg'
'LFW065.jpg', 'Patrick_Rafter_0001.jpg'
'LFW066.jpg', 'Paul_Gannon_0001.jpg'
'LFW067.jpg', 'Peter_Hartz_0001.jpg'
'LFW068.jpg', 'Quin_Snyder_0001.jpg'
'LFW069.jpg', 'Rachel_Wadsworth_0001.jpg'
'LFW070.jpg', 'Randy_Jackson_0001.jpg'
'LFW071.jpg', 'Randy_Johnson_0001.jpg'
'LFW072.jpg', 'Reese_Witherspoon_0001.jpg'
'LFW073.jpg', 'Roger_Staubach_0001.jpg'
'LFW074.jpg', 'Ron_Zook_0001.jpg'
'LFW075.jpg', 'Rosny_Desroches_0001.jpg'
'LFW076.jpg', 'Ryan_Goodman_0001.jpg'
'LFW077.jpg', 'Shannon_OBrien_0001.jpg'
'LFW078.jpg', 'Sheila_Fraser_0001.jpg'
'LFW079.jpg', 'Sherry_Irving_0001.jpg'
'LFW080.jpg', 'Sidney_Poitier_0001.jpg'
'LFW081.jpg', 'Spike_Helmick_0001.jpg'
'LFW082.jpg', 'Stephanie_Zimbalist_0001.jpg'
'LFW083.jpg', 'Stephen_Crampton_0001.jpg'
'LFW084.jpg', 'Terry_Bradshaw_0001.jpg'
'LFW085.jpg', 'Terunobu_Maeda_0001.jpg'
'LFW086.jpg', 'Thomas_Mesereau_Jr_0001.jpg'
'LFW087.jpg', 'Tom_Reilly_0001.jpg'
'LFW088.jpg', 'Tonya_Payne_0001.jpg'
'LFW089.jpg', 'Trisha_Meili_0001.jpg'
'LFW090.jpg', 'Valorie_Brabazon_0001.jpg'
'LFW091.jpg', 'Vince_Vaughan_0001.jpg'
'LFW092.jpg', 'Viola_Davis_0001.jpg'
'LFW093.jpg', 'Vladimir_Golovlyov_0001.jpg'
'LFW094.jpg', 'Vladimir_Voltchkov_0001.jpg'
'LFW095.jpg', 'Walt_Harris_0001.jpg'
'LFW096.jpg', 'Warren_Beatty_0001.jpg'
'LFW097.jpg', 'Yevgeny_Kafelnikov_0001.jpg'
'LFW098.jpg', 'Yusaku_Miyazato_0001.jpg'
'LFW099.jpg', 'Albaro_Recoba_0001.jpg'
'LFW100.jpg', 'Alexander_Rumyantsev_0001.jpg'
'LFW101.jpg', 'Alanis_Morissette_0001.jpg'
'LFW102.jpg', 'Alan_Dershowitz_0001.jpg'
'LFW103.jpg', 'Allison_Janney_0001.jpg'
'LFW104.jpg', 'Alma_Powell_0001.jpg'
'LFW105.jpg', 'Amr_Moussa_0001.jpg'
'LFW106.jpg', 'Andy_Perez_0001.jpg'
'LFW107.jpg', 'Angela_Alvarado_Rosa_0001.jpg'
'LFW108.jpg', 'Antonio_Bernardo_0001.jpg'
'LFW109.jpg', 'Antonio_Trillanes_0001.jpg'
'LFW110.jpg', 'Arsinee_Khanjian_0001.jpg'
'LFW111.jpg', 'Askar_Akayev_0001.jpg'
'LFW112.jpg', 'Audrey_Lacroix_0001.jpg'
'LFW113.jpg', 'Augusto_Roa_Bastos_0001.jpg'
'LFW114.jpg', 'Barrett_Jackman_0001.jpg'
'LFW115.jpg', 'Barry_Nakell_0001.jpg'
'LFW116.jpg', 'Bernard_Siegel_0001.jpg'
'LFW117.jpg', 'Bill_Doba_0001.jpg'
'LFW118.jpg', 'Bill_Herrion_0001.jpg'
'LFW119.jpg', 'Bill_Mauldin_0001.jpg'
'LFW120.jpg', 'Bill_Richardson_0001.jpg'
'LFW121.jpg', 'Bob_Geldof_0001.jpg'
'LFW122.jpg', 'Bob_Guccione_0001.jpg'
'LFW123.jpg', 'Bob_Huggins_0001.jpg'
'LFW124.jpg', 'Brittany_Snow_0001.jpg'
'LFW125.jpg', 'Bruce_Springsteen_0001.jpg'
'LFW126.jpg', 'Camilla_Parker_Bowles_0001.jpg'
'LFW127.jpg', 'Carson_Daly_0001.jpg'
'LFW128.jpg', 'Cecilia_Chang_0001.jpg'
'LFW129.jpg', 'Chen_Tsai-chin_0001.jpg'
'LFW130.jpg', 'Colleen_OClair_0001.jpg'
'LFW131.jpg', 'Conrad_Black_0001.jpg'
'LFW132.jpg', 'Dale_Earnhardt_Jr_0001.jpg'
'LFW133.jpg', 'Dan_Wheldon_0001.jpg'
'LFW134.jpg', 'Daniel_Darnell_0001.jpg'
'LFW135.jpg', 'Dario_Franchitti_0001.jpg'
'LFW136.jpg', 'David_Montoya_0001.jpg'
'LFW137.jpg', 'David_Shayler_0001.jpg'
'LFW138.jpg', 'Delphine_Chuillot_0001.jpg'
'LFW139.jpg', 'Dexter_Jackson_0001.jpg'
'LFW140.jpg', 'Diana_Renee_Valdivieso_Dubon_0001.jpg'
'LFW141.jpg', 'Doug_Christie_0001.jpg'
'LFW142.jpg', 'Edward_Egan_0001.jpg'
'LFW143.jpg', 'Edward_Greenspan_0001.jpg'
'LFW144.jpg', 'Eileen_Coparropa_0001.jpg'
'LFW145.jpg', 'Eileen_Spina_0001.jpg'
'LFW146.jpg', 'Emmanuel_Milingo_0001.jpg'
'LFW147.jpg', 'Estella_Warren_0001.jpg'
'LFW148.jpg', 'Eunice_Barber_0001.jpg'
'LFW149.jpg', 'Evo_Morales_0001.jpg'
'LFW150.jpg', 'Felipe_De_Borbon_0001.jpg'
'LFW151.jpg', 'Francisco_Maturana_0001.jpg'
'LFW152.jpg', 'Francois_Pienaar_0001.jpg'
'LFW153.jpg', 'Frank_Murkowski_0001.jpg'
'LFW154.jpg', 'Fred_Rogers_0001.jpg'
'LFW155.jpg', 'Gabriel_Farhi_0001.jpg'
'LFW156.jpg', 'Gary_Sayler_0001.jpg'
'LFW157.jpg', 'Gerry_Parsky_0001.jpg'
'LFW158.jpg', 'Gina_Gershon_0001.jpg'
'LFW159.jpg', 'Giuseppe_Gibilisco_0001.jpg'
'LFW160.jpg', 'Graeme_Smith_0001.jpg'
'LFW161.jpg', 'Harvey_Fierstein_0001.jpg'
'LFW162.jpg', 'Helio_Castroneves_0001.jpg'
'LFW163.jpg', 'Herman_Moore_0001.jpg'
'LFW164.jpg', 'Hermes_Gamonal_0001.jpg'
'LFW165.jpg', 'Hilda_Fortune_0001.jpg'
'LFW166.jpg', 'Hisham_Halawi_0001.jpg'
'LFW167.jpg', 'Huan_Chung_Yi_0001.jpg'
'LFW168.jpg', 'Ian_Gillan_0001.jpg'
'LFW169.jpg', 'JJ_Redick_0001.jpg'
'LFW170.jpg', 'Jafar_Umar_Thalib_0001.jpg'
'LFW171.jpg', 'Jaime_Pressly_0001.jpg'
'LFW172.jpg', 'Jalen_Rose_0001.jpg'
'LFW173.jpg', 'James_Barksdale_0001.jpg'
'LFW174.jpg', 'James_Kelly_0001.jpg'
'LFW175.jpg', 'James_Murdoch_0001.jpg'
'LFW176.jpg', 'James_Watt_0001.jpg'
'LFW177.jpg', 'Jeanette_Gray_0001.jpg'
'LFW178.jpg', 'Jennifer_Furminger_0001.jpg'
'LFW179.jpg', 'Jesus_Cardenal_0001.jpg'
'LFW180.jpg', 'Jim_Kelly_0001.jpg'
'LFW181.jpg', 'Jimmy_Iovine_0001.jpg'
'LFW182.jpg', 'Joaquin_Phoenix_0001.jpg'
'LFW183.jpg', 'Joe_Cravens_0001.jpg'
'LFW184.jpg', 'John_Goold_0001.jpg'
'LFW185.jpg', 'John_White_0001.jpg'
'LFW186.jpg', 'Joseph_Blatter_0001.jpg'
'LFW187.jpg', 'Justin_Gatlin_0001.jpg'
'LFW188.jpg', 'Kate_Lee_0001.jpg'
'LFW189.jpg', 'Kathleen_Abernathy_0001.jpg'
'LFW190.jpg', 'Kathryn_Morris_0001.jpg'
'LFW191.jpg', 'Kevin_Millwood_0001.jpg'
'LFW192.jpg', 'Kristanna_Loken_0001.jpg'
'LFW193.jpg', 'Laila_Ali_0001.jpg'
'LFW194.jpg', 'Larry_Harris_0001.jpg'
'LFW195.jpg', 'Latrell_Sprewell_0001.jpg'
'LFW196.jpg', 'Lindsay_Lohan_0001.jpg'
'LFW197.jpg', 'Luca_Cordero_di_Montezemolo_0001.jpg'
'LFW198.jpg', 'Luther_Htu_0001.jpg'
'LFW199.jpg', 'Maria_Soledad_Alvear_Valenzuela_0001.jpg'
