LFW1000.jpg,George_W_Bush_0001.jpg
LFW1001.jpg,Janez_Drnovsek_0001.jpg
LFW1002.jpg,Thomas_Malchow_0001.jpg
LFW1003.jpg,George_W_Bush_0274.jpg
LFW1004.jpg,Francis_Ford_Coppola_0001.jpg
LFW1005.jpg,Nate_Blackwell_0001.jpg
LFW1006.jpg,Mark_Leno_0001.jpg
LFW1007.jpg,Ariel_Sharon_0035.jpg
LFW1008.jpg,Colin_Powell_0037.jpg
LFW1009.jpg,Mick_McCarthy_0001.jpg
LFW1010.jpg,Colin_Powell_0031.jpg
LFW1011.jpg,Lin_Yung_Hsi_0001.jpg
LFW1012.jpg,Svetislav_Pesic_0001.jpg
LFW1013.jpg,George_W_Bush_0319.jpg
LFW1014.jpg,Ariel_Sharon_0022.jpg
LFW1015.jpg,Donald_Rumsfeld_0066.jpg
LFW1016.jpg,Ariel_Sharon_0074.jpg
LFW1017.jpg,Tony_Blair_0071.jpg
LFW1018.jpg,George_W_Bush_0371.jpg
LFW1019.jpg,Tony_Blair_0081.jpg
LFW1020.jpg,Donald_Rumsfeld_0008.jpg
LFW1021.jpg,Hugo_Chavez_0008.jpg
LFW1022.jpg,BJ_Habibie_0001.jpg
LFW1023.jpg,Rand_Miller_0001.jpg
LFW1024.jpg,Colin_Powell_0001.jpg
LFW1025.jpg,Peter_Harrison_0001.jpg
LFW1026.jpg,George_W_Bush_0012.jpg
LFW1027.jpg,Derek_Bond_0001.jpg
LFW1028.jpg,Michael_DeMinico_0001.jpg
LFW1029.jpg,Gerhard_Schroeder_0033.jpg
LFW1030.jpg,Cristina_Fernandez_0001.jpg
LFW1031.jpg,Mohamed_Seineldin_0001.jpg
LFW1032.jpg,Donald_Rumsfeld_0060.jpg
LFW1033.jpg,Gary_Winnick_0001.jpg
LFW1034.jpg,Debbie_Allen_0001.jpg
LFW1035.jpg,Markus_Naslund_0001.jpg
LFW1036.jpg,Gerhard_Schroeder_0017.jpg
LFW1037.jpg,Donald_Rumsfeld_0055.jpg
LFW1038.jpg,Larry_Harris_0001.jpg
LFW1039.jpg,Donald_Rumsfeld_0093.jpg
LFW1040.jpg,George_W_Bush_0226.jpg
LFW1041.jpg,Wes_Craven_0001.jpg
LFW1042.jpg,George_W_Bush_0105.jpg
LFW1043.jpg,Herman_Edwards_0001.jpg
LFW1044.jpg,Junichiro_Koizumi_0052.jpg
LFW1045.jpg,Claudia_Schiffer_0001.jpg
LFW1046.jpg,George_W_Bush_0199.jpg
LFW1047.jpg,Baburam_Bhattari_0001.jpg
LFW1048.jpg,Tiger_Woods_0001.jpg
LFW1049.jpg,Donald_Rumsfeld_0041.jpg
LFW1050.jpg,George_W_Bush_0129.jpg
LFW1051.jpg,Uday_Hussein_0001.jpg
LFW1052.jpg,Tony_Blair_0137.jpg
LFW1053.jpg,Carina_Lau_Ka-ling_0001.jpg
LFW1054.jpg,David_Duval_0001.jpg
LFW1055.jpg,George_Blaney_0001.jpg
LFW1056.jpg,Colin_Powell_0115.jpg
LFW1057.jpg,Ariel_Sharon_0010.jpg
LFW1058.jpg,Edward_Greenspan_0001.jpg
LFW1059.jpg,George_W_Bush_0321.jpg
LFW1060.jpg,George_W_Bush_0346.jpg
LFW1061.jpg,Zavad_Zarif_0001.jpg
LFW1062.jpg,Noelle_Bush_0001.jpg
LFW1063.jpg,Hugo_Chavez_0011.jpg
LFW1064.jpg,Christian_Wulff_0001.jpg
LFW1065.jpg,Ramon_Cardenas_0001.jpg
LFW1066.jpg,Steve_Coterill_0001.jpg
LFW1067.jpg,Juljia_Vysotskij_0001.jpg
LFW1068.jpg,Jose_Vicente_Rangel_0001.jpg
LFW1069.jpg,Richard_Dreyfuss_0001.jpg
LFW1070.jpg,George_W_Bush_0005.jpg
LFW1071.jpg,Sarah_Weddington_0001.jpg
LFW1072.jpg,Lee_Ann_Womack_0001.jpg
LFW1073.jpg,Gerhard_Boekel_0001.jpg
LFW1074.jpg,Alanis_Morissette_0001.jpg
LFW1075.jpg,Tom_Curley_0001.jpg
LFW1076.jpg,George_W_Bush_0420.jpg
LFW1077.jpg,Xiang_Huaicheng_0001.jpg
LFW1078.jpg,Colin_Powell_0112.jpg
LFW1079.jpg,George_W_Bush_0293.jpg
LFW1080.jpg,Saadi_Gadhafi_0001.jpg
LFW1081.jpg,Troy_Polamalu_0001.jpg
LFW1082.jpg,George_W_Bush_0182.jpg
LFW1083.jpg,Rod_Thorn_0001.jpg
LFW1084.jpg,George_W_Bush_0427.jpg
LFW1085.jpg,George_W_Bush_0041.jpg
LFW1086.jpg,James_Parker_0001.jpg
LFW1087.jpg,Tony_Blair_0110.jpg
LFW1088.jpg,Colin_Powell_0084.jpg
LFW1089.jpg,Natasa_Micic_0001.jpg
LFW1090.jpg,George_W_Bush_0468.jpg
LFW1091.jpg,Picabo_Street_0001.jpg
LFW1092.jpg,Michael_Taylor_0001.jpg
LFW1093.jpg,Colin_Powell_0057.jpg
LFW1094.jpg,Colin_Powell_0160.jpg
LFW1095.jpg,Hans_Blix_0001.jpg
LFW1096.jpg,Adoor_Gopalakarishnan_0001.jpg
LFW1097.jpg,Junichiro_Koizumi_0023.jpg
LFW1098.jpg,Gerhard_Schroeder_0041.jpg
LFW1099.jpg,David_Wells_0001.jpg
LFW1100.jpg,Junichiro_Koizumi_0056.jpg
LFW1101.jpg,Jim_Edmonds_0001.jpg
LFW1102.jpg,Bernard_Siegel_0001.jpg
LFW1103.jpg,George_W_Bush_0196.jpg
LFW1104.jpg,Andy_Benes_0001.jpg
LFW1105.jpg,Tony_Blair_0142.jpg
LFW1106.jpg,Morgan_Freeman_0001.jpg
LFW1107.jpg,George_W_Bush_0523.jpg
LFW1108.jpg,George_W_Bush_0337.jpg
LFW1109.jpg,Jaouad_Gharib_0001.jpg
LFW1110.jpg,Cheryl_Ford_0001.jpg
LFW1111.jpg,Colin_Powell_0229.jpg
LFW1112.jpg,Hugo_Chavez_0003.jpg
LFW1113.jpg,George_W_Bush_0206.jpg
LFW1114.jpg,George_W_Bush_0172.jpg
LFW1115.jpg,Tony_Blair_0003.jpg
LFW1116.jpg,George_W_Bush_0224.jpg
LFW1117.jpg,Bijan_Darvish_0001.jpg
LFW1118.jpg,George_W_Bush_0393.jpg
LFW1119.jpg,Hugo_Chavez_0055.jpg
LFW1120.jpg,Tony_Blair_0132.jpg
LFW1121.jpg,George_W_Bush_0309.jpg
LFW1122.jpg,Donald_Rumsfeld_0115.jpg
LFW1123.jpg,George_W_Bush_0248.jpg
LFW1124.jpg,George_W_Bush_0465.jpg
LFW1125.jpg,John_Herrington_0001.jpg
LFW1126.jpg,Fernando_Vargas_0001.jpg
LFW1127.jpg,John_Duprey_0001.jpg
LFW1128.jpg,Colin_Powell_0163.jpg
LFW1129.jpg,George_W_Bush_0098.jpg
LFW1130.jpg,Colin_Powell_0193.jpg
LFW1131.jpg,Janet_Ecker_0001.jpg
LFW1132.jpg,Donald_Rumsfeld_0103.jpg
LFW1133.jpg,Hugo_Chavez_0042.jpg
LFW1134.jpg,Johnny_Carson_0001.jpg
LFW1135.jpg,Micky_Arison_0001.jpg
LFW1136.jpg,George_W_Bush_0382.jpg
LFW1137.jpg,David_Braley_0001.jpg
LFW1138.jpg,Colin_Powell_0183.jpg
LFW1139.jpg,Colin_Powell_0190.jpg
LFW1140.jpg,Tony_Blair_0009.jpg
LFW1141.jpg,George_W_Bush_0325.jpg
LFW1142.jpg,Calvin_Harrison_0001.jpg
LFW1143.jpg,Andy_Bryant_0001.jpg
LFW1144.jpg,Paul_Patton_0001.jpg
LFW1145.jpg,Tony_Blair_0006.jpg
LFW1146.jpg,Ariel_Sharon_0015.jpg
LFW1147.jpg,George_W_Bush_0254.jpg
LFW1148.jpg,Colin_Powell_0100.jpg
LFW1149.jpg,Donald_Rumsfeld_0026.jpg
LFW1150.jpg,Megan_Mullally_0001.jpg
LFW1151.jpg,Lee_Tae-sik_0001.jpg
LFW1152.jpg,George_W_Bush_0376.jpg
LFW1153.jpg,Donald_Rumsfeld_0069.jpg
LFW1154.jpg,George_W_Bush_0220.jpg
LFW1155.jpg,Cristina_Kirchner_0001.jpg
LFW1156.jpg,Junichiro_Koizumi_0040.jpg
LFW1157.jpg,Chris_Neil_0001.jpg
LFW1158.jpg,Carolyn_Dawn_Johnson_0001.jpg
LFW1159.jpg,George_W_Bush_0373.jpg
LFW1160.jpg,Colin_Powell_0077.jpg
LFW1161.jpg,Estella_Warren_0001.jpg
LFW1162.jpg,Marc_Grossman_0001.jpg
LFW1163.jpg,Paul_Otellini_0001.jpg
LFW1164.jpg,George_W_Bush_0349.jpg
LFW1165.jpg,Mark_Richt_0001.jpg
LFW1166.jpg,Malcolm_Jamal_Warner_0001.jpg
LFW1167.jpg,Hootie_Johnson_0001.jpg
LFW1168.jpg,Mohammad_Aktar_0001.jpg
LFW1169.jpg,Gerhard_Schroeder_0051.jpg
LFW1170.jpg,George_W_Bush_0501.jpg
LFW1171.jpg,George_W_Bush_0024.jpg
LFW1172.jpg,Ted_Costa_0001.jpg
LFW1173.jpg,Joe_Cocker_0001.jpg
LFW1174.jpg,Placido_Domingo_0001.jpg
LFW1175.jpg,Tony_Blair_0068.jpg
LFW1176.jpg,Eric_Ryan_Donnelly_0001.jpg
LFW1177.jpg,James_Traficant_0001.jpg
LFW1178.jpg,Andy_Warhol_0001.jpg
LFW1179.jpg,Gerhard_Schroeder_0087.jpg
LFW1180.jpg,Colin_Powell_0201.jpg
LFW1181.jpg,Anna_Chicherova_0001.jpg
LFW1182.jpg,Barrett_Jackman_0001.jpg
LFW1183.jpg,George_W_Bush_0505.jpg
LFW1184.jpg,Colin_Powell_0227.jpg
LFW1185.jpg,Klaus_Zwickel_0001.jpg
LFW1186.jpg,Jerome_Jenkins_0001.jpg
LFW1187.jpg,Svend_Aage_Jensby_0001.jpg
LFW1188.jpg,Tyler_Grillo_0001.jpg
LFW1189.jpg,Akbar_Al_Baker_0001.jpg
LFW1190.jpg,Colin_Powell_0224.jpg
LFW1191.jpg,George_W_Bush_0114.jpg
LFW1192.jpg,Miguel_Jimenez_0001.jpg
LFW1193.jpg,Taufik_Kiemas_0001.jpg
LFW1194.jpg,Colin_Powell_0049.jpg
LFW1195.jpg,Colin_Powell_0051.jpg
LFW1196.jpg,Russ_Ortiz_0001.jpg
LFW1197.jpg,Larry_Thompson_0001.jpg
LFW1198.jpg,Junichiro_Koizumi_0043.jpg
LFW1199.jpg,George_W_Bush_0037.jpg
LFW1200.jpg,Paek_Nam_Sun_0001.jpg
